序號/編號,縣市別代碼,地址-行政區域代碼,車站名稱,電梯,電扶梯,銀行ATM,哺集乳室,嬰兒尿布台,飲水機/飲水臺,充電站,自動售票機,廁所
1,63000,63000010,松山機場,"1.出口電梯：出口1, 2, 3（臨松山機場）
2.月臺電梯：B4月臺層",付費區、非付費區、出口1、出口2、出口3,非付費區，近往出口3電梯,付費區，B2大廳層,"付費區，哺集乳室
親子無障礙廁所
男、女廁",出口3,非付費區，近往出口3電梯,近出口3,"非付費區，近出口3
付費區，近出口3"
2,63000,63000040,中山國中,"1.出口電梯：單一出口
 2.月臺電梯：月臺層北側  ",非付費區、付費區、出口,非付費區，近閘門,無,付費區，親子無障礙廁所,出口左側,非付費區，近出口,近出口,付費區，近出口，3樓大廳層
3,63000,63000010,南京復興,"1.出口電梯：
文湖線：出口7 （復興北路與南京東路口）
松山新店線：出口1 （臨遼寧街155巷）、出口2 （南京東路3段與遼寧街轉角）
 2.月臺電梯：
文湖線：月臺層北側
松山新店線：月臺中央及東側各一臺
 3. 轉乘電梯：
文湖線：大廳層閘門旁付費區內
松山新店線：大廳層東側","文湖線：付費區、出口7
松山新店線：付費區、出口1、出口2、出口3、出口4、出口5、出口8","文湖線：非付費區，大廳售票區
松山新店線：付費區，B1轉乘連通道層、非付費區，B1轉乘連通道層、B2大廳層","松山新店線：
付費區，B2大廳層","文湖線：
付費區，親子無障礙廁所
松山新店線：
付費區，哺集乳室
親子無障礙廁所
男、女廁","文湖線：出口7
松山新店線：出口2
","文湖線：非付費區，大廳售票區
松山新店線：非付費區，近出口5、出口8","文湖線：近出口7
松山新店線：近出口2、出口5、出口8","文湖線：
付費區，近出口7
松山新店線：
非付費區，近出口1、2
非付費區，近出口5
付費區，大廳走道中間"
4,63000,63000030,忠孝復興,"1.出口電梯：出口2（忠孝東路3段與復興南路1段交叉口）
2.月臺電梯：
文湖線：月臺層南側
板南線：大廳層西側付費區近詢問處","文湖線：付費區，出口2
板南線：付費區、出口1、出口2、出口3、出口4","文湖線：1樓出口2，3樓非付費區
板南線：非付費區，近出口2、出口3及藝文廊","板南線：
非付費區，B3大廳層，近出口3","文湖線：
付費區，男、女廁
板南線：
非付費區，哺集乳室
付費區，親子無障礙廁所","文湖線：出口2
板南線：出口1","文湖線：3樓非付費區
板南線：非付費區，近出口1及藝文廊","文湖線：3樓非付費區
板南線：近出口2、出口3","文湖線：付費區，近出口2，近3樓高揚層電扶梯
板南線：付費區，近出口2，板南線及文湖線轉乘通道旁"
5,63000,63000030,大安,"1.出口電梯：
淡水信義線出口3（信義路3段188號前）
2.月臺電梯：
文湖線：月臺層南側
淡水信義線：大廳層付費區","文湖線：付費區
淡水信義線：付費區、出口1、出口3、出口6","文湖線：非付費區，近出口4
淡水信義線：非付費區，近出口1、出口3、出口5、出口6","淡水信義線：
付費區，B1大廳層","文湖線：
付費區，親子無障礙廁所
淡水信義線：
付費區，哺集乳室
付費區，親子無障礙廁所
付費區，男、女廁","出口1、2間
出口4","文湖線：付費區，近出口4
淡水信義線：非付費區大廳，近出口3","文湖線：近出口4
淡水信義線：近出口1、出口2、出口3、出口5、出口6","文湖線：
付費區，近出口4，近3樓電梯旁
淡水信義線：
付費區，近出口3
付費區，轉換連通層"
6,63000,63000030,科技大樓,"1.出口電梯：單一出口
2.月臺電梯：月臺層南側",付費區、非付費區、出口,非付費區，近出口,無,"付費區，親子無障礙廁所
付費區，男、女廁",出口右側,非付費區，2樓轉乘通道層,近出口,付費區，近出口，3樓大廳層
7,63000,63000030,六張犁,"1.出口電梯：單一出口
2.月臺電梯：月臺層北側",付費區、出口,非付費區，近出口,無,"付費區，親子無障礙廁所
付費區，男、女廁",出口右側,非付費區，近出口,近出口,付費區，近出口，3樓大廳層
8,63000,63000030,麟光,"1.出口電梯：單一出口
2.月臺電梯：月臺層南側",付費區,非付費區，近出口,無,"付費區，親子無障礙廁所
付費區，男、女廁",出口左側,非付費區，近北側出口I郵箱旁,近北側出口,付費區，近出口
9,63000,63000082,辛亥,"1.出口電梯：單一出口
2.月臺電梯：月臺層南側",付費區,非付費區，近出口,無,"付費區，親子無障礙廁所
付費區，男、女廁",出口右側,非付費區，近出口(單一出口),近出口,付費區，近出口
10,63000,63000082,萬芳醫院,"1.出口電梯：單一出口
2.月臺電梯：月臺層北側",付費區、出口,非付費區，近出口,無,"付費區，親子無障礙廁所
付費區，男、女廁",出口右側,大廳層，非付費區，近閘門,近出口,付費區，近出口，3樓大廳層
11,63000,63000082,萬芳社區,"1.出口電梯：單一出口
 2.月臺電梯：月臺層南側",付費區,非付費區，近出口,無,"付費區，親子無障礙廁所
付費區，男、女廁",出口右側,付費區，近往二月臺電梯,近出口,付費區，近出口
12,63000,63000082,木柵,"1.出口電梯：單一出口
 2.月臺電梯：月臺層南側",付費區,非付費區，近出口,無,"付費區，親子無障礙廁所
付費區，男、女廁",出口右側,付費區，近往二月臺電梯,近出口,付費區，近出口
13,63000,63000082,動物園,"1.出口電梯：出口1（臨動物園）及出口2（臨貓空纜車）
2.月臺電梯：月臺層南側",付費區、出口1、出口2,非付費區，近出口1,非付費區，2F，近出口,"非付費區，哺集乳室
非付費區，親子無障礙廁所
非付費區，男、女廁",出口1,非付費區，出口2,近出口,非付費區，近出口2
14,63000,63000040,大直,"1.出口電梯：出口1（大直婦女中心）及出口3（臨海基會）
2.月臺電梯：月臺層南側",付費區、出口1、出口2、出口3,非付費區，近出口2、出口3,無,"付費區，親子無障礙廁所
付費區，男、女廁",出口2,非付費區，近出口3,近出口,付費區，近出口3
15,63000,63000040,劍南路,"1.出口電梯：出口1臨北安路、出口2臨北安路
2.月臺電梯：月臺層東側",付費區、出口2、出口3,非付費區，近出口1、出口3,無,"付費區，親子無障礙廁所
付費區，男、女廁",近出口2、出口3,非付費區，近1號電梯,近出口1、3,付費區，近出口2、出口3
16,63000,63000100,西湖,"1.出口電梯：出口1（西湖市場旁）及出口2（臨基湖路）
 2.月臺電梯：月臺層東側",付費區、出口1、出口2,非付費區，近出口1、出口2,無,"非付費區，親子無障礙廁所
非付費區，男、女廁",出口2,非付費區，近出口1,近出口1、2,非付費區，近出口1
17,63000,63000100,港墘,"1.出口電梯：出口1（臨內湖路1段667巷）及出口2（臨內湖高工）
 2.月臺電梯：月臺層南、北側",付費區、出口1、出口2,非付費區，近出口1、出口2,無,"非付費區，親子無障礙廁所
非付費區，男、女廁",出口1,非付費區，近出口1大廳,近出口1、2,非付費區，近出口1
18,63000,63000100,文德,"1.出口電梯：出口1（內湖高中對面）及出口2（內湖高中旁）
2.月臺電梯：月臺層東側",付費區、出口1、出口2,非付費區，近出口2,無,"非付費區，親子無障礙廁所
非付費區，男、女廁",出口2,3樓大廳非付費區，近出口2,近出口2,非付費區，近出口2
19,63000,63000100,內湖,"1.出口電梯：出口1（臨成功路4段182巷）及出口2（臨成功路4段167巷）
2.月臺電梯：月臺層西側",付費區、出口1、出口2,非付費區，近出口1、出口2,無,"非付費區，親子無障礙廁所
非付費區，男、女廁",出口1,付費區，近主詢問處,近出口1、2,非付費區，近出口1
20,63000,63000100,大湖公園,"1.出口電梯：出口1（臨大湖山莊街）及出口2（臨大湖公園）
2.月臺電梯：月臺層(南、北)側",出口1、出口2、付費區,非付費區，近出口1、出口2,無,"非付費區，親子無障礙廁所
非付費區，男、女廁",出口2,非付費區，近出口2,近出口1、2,非付費區，近出口2
21,63000,63000100,葫洲,"1.出口電梯：出口1康寧路3段  出口2：康寧路3段16巷側
2.月臺電梯：月臺層(東、西)側",出口1、出口2、付費區,非付費區，近出口1、出口2,無,"非付費區，親子無障礙廁所
非付費區，男、女廁",出口2,非付費區，近出口2,近出口1、2,非付費區，近出口1、出口2
22,63000,63000100,東湖,"1.出口電梯：出口1（臨康寧公園）、出口2（臨南湖高中）及出口3（臨安康公園）
2.月臺電梯：月臺層南側",付費區、出口1、出口2,非付費區，近出口1、非付費區，中國信託出口,無,"非付費區，親子無障礙廁所
非付費區，男、女廁",出口3,非付費區，主詢問處前,近出口1、出口2、中國信託出口,非付費區，近出口3
23,63000,63000090,南港軟體園區,"1.出口電梯：出口1臨經貿二路185巷西側 出口2：臨經貿二路185巷東側
2.月臺電梯：月臺層西側",付費區、出口1、出口2,非付費區，近出口1、非付費區，中國信託出口,無,"非付費區，親子無障礙廁所
非付費區，男、女廁",出口1,非付費區，主詢問處前,近出口1、出口2、中國信託出口,非付費區，近出口2
24,63000,63000090,南港展覽館,"1.出口電梯
文湖線：出口1（南港展覽館南側）及出口2（南港路1段與經貿二路口）
板南線：出口5、出口6中間（臨南港路1段）及出口2A
2.月臺電梯
文湖線：月臺層西側
板南線：大廳層南側付費區內
3.轉乘電梯：
文湖線：大廳層西側
板南線：大廳層西側閘門旁付費區內","文湖線：付費區、出口1
板南線：付費區、出口5、出口6、出口7","文湖線：非付費區，出口2、出口3
板南線：B2非付費區大廳，近出口5、出口6","板南線：
付費區，B2大廳層","文湖線：
親子無障礙廁所
男、女廁
板南線：
付費區，哺集乳室
付費區，親子無障礙廁所
男、女廁","文湖線：出口3
板南線：出口5、出口6、出口7間","文湖線：付費區，近出口3、出口4
板南線：B2非付費區大廳，近出口5、出口6","文湖線：近出口1、出口2、出口3、出口4
板南線：2F非付費區大廳，近出口5、出口6","文湖線：
付費區，近出口2、出口4之間
非付費區，近出口2、出口4站外(配合展覽館活動開放使用)
板南線：
付費區，大廳電梯旁
非付費區，近出口1及出口5
非付費區，停車場層電梯旁，近出口5"
25,65000,65000060,小碧潭,出口電梯：出口1（臨環河路）、出口2（臨中央路）,出口1、出口2,非付費區近詢問處,無,"親子無障礙廁所
男、女廁",近詢問處,付費區，近往月臺東側,近詢問處,"非付費區，近出口1
付費區，閘門旁"
26,65000,65000060,新店,"1.月臺電梯：大廳層北側付費區，臨近詢問處
2.停車場電梯：大廳層西側出口（臨新店路）",付費區、出口1,非付費區近北宜路出口,付費區，大廳層,"付費區，哺集乳室
付費區，親子無障礙廁所
男、女廁",出口1,付費區南大廳,近出口,"非付費區，公車廣場便利商店旁
付費區，大廳層電梯旁       "
27,65000,65000060,新店區公所,月臺電梯：出口1無障礙閘門後方、第1月臺中央、第2月臺中央,付費區、出口1,非付費區，近出口1,無,付費區，男、女廁,出口1,付費區，近出口1,近出口1、出口2,付費區，大廳層電扶梯旁
28,65000,65000060,七張,月臺電梯：出口1無障礙閘門旁、第2月臺中央,付費區,非付費區，出口1,付費區，大廳層,"付費區，哺集乳室
付費區，親子無障礙廁所
付費區，男、女廁",出口1,付費區，出口1,近出口1、出口2,付費區，大廳層電扶梯旁
29,65000,65000060,大坪林,"1.出口電梯：
松山新店線：出口3（臨民權路北側）
環狀線：出口5（中興路三段與民權路路口西南隅）
2.月臺電梯：
松山新店線：大廳層北側付費區，臨近詢問處
環狀線：月臺層中央","松山新店線：付費區、出口1、出口3
環狀線：付費區、出口5","松山新店線：非付費區，近出口2、出口3
環狀線：非付費區，近出口5","環狀線：
付費區，大廳層","松山新店線：
非付費區，親子無障礙廁所
非付費區，男、女廁
環狀線：
付費區，哺集乳室
付費區，親子無障礙廁所
付費區，男、女廁","松山新店線：出口3
環狀線：非付費區，近出口5","松山新店線：非付費區通道，近出口2、近出口3
環狀線：付費區大廳、非付費區，近出口5","松山新店線：近出口1、出口2、出口3
環狀線：近出口5","松山新店線：非付費區，近出口3、出口4
環狀線：付費區，靠近轉乘連通道處"
30,63000,63000082,景美,"1.出口電梯：出口1（羅斯福路6段393號）
2.月臺電梯：大廳層南側付費區，臨近詢問處",付費區、出口1、出口2、出口3,非付費區，近出口1、出口3,無,"非付費區，親子無障礙廁所
非付費區，男、女廁",出口1,非付費區，近主詢問處、出口3,近出口1、出口3,非付費區，近出口1
31,63000,63000082,萬隆,"1.出口電梯：出口4（臨羅斯福路5段西側）
2.月臺電梯：大廳層北側付費區，臨近詢問處",付費區、出口2、出口4,非付費區，近出口2、出口4,無,"非付費區，親子無障礙廁所
非付費區，男、女廁",出口4,非付費區，近出口2、出口3,近出口2、出口3、出口4,非付費區，近出口3、出口4
32,63000,63000050,公館,"1.出口電梯：出口1（臨羅斯福路）、出口2（臨舟山路）
2.月臺電梯：大廳層南側付費區，臨近詢問處",付費區、出口1、出口2、出口3,非付費區，近出口1、近出口2、近出口4,非付費區，大廳層，近出口4,"非付費區，哺集乳室
非付費區，親子無障礙廁所
非付費區，男、女廁",出口2,非付費區，B1非付費區走道、近出口3,近出口1、出口2、近出口4,非付費區，近出口1、2
33,63000,63000050,台電大樓,"1.出口電梯：出口5（臨羅斯福路和師大路交叉口）
2.月臺電梯：大廳層北側付費區，臨近詢問處",付費區，出口1、出口2、出口5,非付費區，近出口4、近出口1,無,"非付費區，親子無障礙廁所
非付費區，男、女廁",出口3,非付費區，近出口2、近出口3,近出口1、出口3,非付費區，近出口3、4
34,63000,63000050,古亭,"1.出口電梯：出口1（羅斯福路）
2.月臺電梯：大廳南側付費區，詢問處後方",付費區、出口2、出口3、出口5、出口7,"非付費區，近出口5、出口6
非付費區，近出口1、出口2",非付費區，大廳層，近出口7、8、9,"非付費區，哺集乳室
非付費區，親子無障礙廁所
非付費區，男、女廁",出口6,非付費區，近非付費走道,"近出口1、出口2、出口3、出口4
近出口5、出口6、出口7、出口8、出口9",非付費區，近出口1、出口2、出口3、出口4
35,63000,63000050,中正紀念堂,"1.出口電梯：出口1（羅斯福路、南海路口）；出口5（愛國東路、中山南路口）
2.月臺電梯：南、北側大廳層付費區，臨近南、北側詢問處",付費區、出口1、出口2、出口3、出口5、出口7,非付費區，近出口2、出口7,付費區，B2月台層北側,"付費區，哺集乳室
非付費區，親子無障礙廁所
非付費區，男、女廁",近出口6,"付費區，近出口4及出口7
非付費區，近出口2及出口7",近出口1、出口2、出口7,"非付費區，近出口2、出口3、出口4
非付費區，近出口5、出口6、出口7"
36,63000,63000050,小南門,"1.出口電梯：出口3及出口4中間（愛國西路博愛路口及愛國西路重慶南路口中間）
2.月臺電梯：大廳層東側付費區，臨近詢問處",付費區、出口1、出口3,非付費區，近出口2,無,"非付費區，親子無障礙廁所
非付費區，男、女廁",出口3、出口4間,非付費區，近出口2、出口3,近出口2、出口3,非付費區，近出口3、4
37,65000,65000040,頂溪,"1.出口電梯：出口1（永和路2段和復興街口）
2.月臺電梯：大廳南側付費區，詢問處後方",付費區、出口1、出口2,非付費區，近出口1、出口2,非付費區，大廳層，近出口2,"非付費區，哺集乳室
非付費區，親子無障礙廁所
非付費區，男、女廁",出口1,大廳非付費區通道,近出口1、出口2,非付費區，近出口1
38,65000,65000030,永安市場,"1.出口電梯：出口1（中和路上）
2.月臺電梯：臨近詢問處，大廳層及二月臺中央",付費區、出口1,非付費區，近出口1,無,"付費區，親子無障礙廁所
付費區，男、女廁",出口右側,非付費區，近出口1,近出口1,付費區，近出口
39,65000,65000030,景安,"月臺電梯:
中和新蘆線：大廳層男廁旁
環狀線：月臺層中央","中和新蘆線：付費區
環狀線：付費區","中和新蘆線：非付費區，近出口
環狀線：無","環狀線：
付費區，3F連通道層","中和新蘆線：
付費區，親子無障礙廁所
付費區，男、女廁
環狀線：
付費區，哺集乳室
付費區，親子無障礙廁所
付費區，男、女廁","中和新蘆線：出口左側
環狀線：無","中和新蘆線：付費區
環狀線：近詢問處","中和新蘆線：近出口
環狀線：近詢問處","中和新蘆線：付費區，近出口
環狀線：付費區3樓連通道層"
40,65000,65000030,南勢角,"1.出口電梯：出口3與出口4中間（捷運路上）
 2.月臺電梯：大廳南側付費區，臨近詢問處。",付費區、出口1、出口2、出口3、出口4,非付費區，近出口1、出口4,無,"付費區，親子無障礙廁所
付費區，男、女廁",出口4,大廳非付費區近出口1、出口3,近出口1、出口4,付費區，近出口3、4
41,63000,63000050,台大醫院,"1.出口電梯：出口1(228公園)、出口2（常德街）及出口3（公園路）
2.月臺電梯：大廳北側付費區，詢問處後方",付費區、出口1、出口2、出口4,非付費區，近出口2、出口3,無,"非付費區，親子無障礙廁所
非付費區，男、女廁",出口1,非付費區走道南、北端各1組,近出口1、出口4,非付費區，近出口1
42,63000,63000050,台北車站,"1號電梯：B2層（板南線大廳中央偏北處）>B4層（淡水信義線2號月臺南側）
2號電梯：B3層（淡水信義線大廳中央）>B4層（淡水信義線月臺中央）
3號電梯：地面層（出口M1及出口M2中間，國光客運臺北車站大廳內）>B3層（淡水信義線大廳北處）
4號電梯：B1層（出口M4及出口M5中間）>B2層（板南線大廳西側）
5號電梯：出口M4（忠孝西路靠臺鐵側）>B1層
6號電梯：B2層（板南線大廳中央處）>B3層（板南線月臺中央）
7號電梯：B1層（誠品書店）>B2層（板南線大廳東側）","淡水信義線：B3非付費區、付費區大廳層、出口M1、出口M2
板南線：B2東西側非付費區大廳層、B2付費區大廳層
、出口M3、出口M4、出口M5、出口M8","淡水信義線：B3非付費區大廳層
板南線：B2東西側非付費區大廳層、B1商店街中間、出口M5、出口M6、出口M8","板南線：
付費區，B2大廳層","淡水信義線：
親子無障礙廁所
男、女廁
板南線：
付費區，哺集乳室
付費區，親子無障礙廁所
付費區，男、女廁","淡水信義線：非付費區，近出口M1、出口M2
板南線：出口M4","淡水信義線：B3付費區大廳層
板南線：
B2非付費區、付費區大廳層
出口M5、出口M7","淡水信義線：B3非付費區大廳層
板南線：B2東西側非付費區大廳層","非付費區，近出口M1、M2
付費區(板南線)
付費區(淡水信義線)"
43,63000,63000060,中山,"1.出口電梯：
淡水信義線：出口4（臨南京西路）
松山新店線：出口5（臨南京西路）、出口6（臨南京西路）
2.月臺電梯：
淡水信義線：大廳層中央處
松山新店線：月臺東側","淡水信義線：付費區、出口1、出口4
松山新店線：付費區、出口5、出口6","淡水信義線：非付費區，近詢問處
松山新店線：非付費區，近出口6","松山新店線：
非付費區，B1大廳層，近出口5","淡水信義線：
非付費區，親子無障礙廁所
非付費區，男、女廁
松山新店線：
非付費區，哺集乳室
非付費區，親子無障礙廁所
非付費區，男、女廁","淡水信義線：出口1
松山新店線：出口5","淡水信義線：非付費區，近詢問處
松山新店線：非付費區，近出口5","淡水信義線：近出口4
松山新店線：近出口5、出口6","淡水信義線：非付費區，近出口1，中山藝文廊內
松山新店線：非付費區，近出口6"
44,63000,63000060,雙連,"1.出口電梯：出口2（臨民生西路北側）
2.月臺電梯：大廳層中間付費區，詢問處正後方",付費區、出口1、出口2,非付費區，北大廳近出口2,無,"非付費區，親子無障礙廁所
非付費區，男、女廁",出口1,非付費區，近出口2,大廳層,非付費區，近出口1，往中山地下街
45,63000,63000060,民權西路,"1. 出口電梯（中和新蘆線）：出口10（民權西路與天祥路口西北隅）
2. 月臺電梯：淡水信義線大廳層付費區、中和新蘆線大廳層付費區各1臺","淡水信義線：付費區
中和新蘆線：付費區、出口7、出口10","淡水信義線：非付費區，近出口1、出口4
中和新蘆線：近出口6、出口8","中和新蘆線：
付費區，B2大廳層，近出口10","淡水信義線：
付費區，親子無障礙廁所
付費區，男、女廁
中和新蘆線：
付費區，哺集乳室
非付費區，親子無障礙廁所
男、女廁","淡水信義線：出口1
中和新蘆線：出口9","淡水信義線：付費區，近出口1、出口4
中和新蘆線：出口電梯大廳層後方","淡水信義線：近出口1、出口2、出口3、出口4
中和新蘆線：近出口5、出口6、出口7、出口8、主詢問處前方","非付費區，近出口5
付費區，近出口1
付費區，近出口7、8"
46,63000,63000060,圓山,月臺電梯：站體中央處,付費區、出口1、出口2,非付費區，近出口1、出口2,無,"付費區，親子無障礙廁所
付費區，男、女廁",出口1,付費區大廳，近男廁,近出口1、出口2,付費區，近出口1
47,63000,63000110,劍潭,月臺電梯：大廳層北側近出口3、大廳層南側近出口2,"付費區:出口1、出口2、出口3
非付費區:出口1往銘傳大學",非付費區，近出口1、出口2,付費區，大廳層，近出口1,"付費區，哺集乳室，近出口1
付費區，親子無障礙廁所，近出口1
付費區，男、女廁",出口1、出口2,"付費區：近2號電梯
非付費區：近出口1、出口2",近出口1、出口2、出口3,"付費區，近出口1
付費區，近出口2"
48,63000,63000110,士林,月臺電梯：站體中央處,付費區、出口1、出口2,非付費區，近出口1、出口2,無,"付費區，親子無障礙廁所
付費區，男、女廁",出口1、出口2,"非付費區，近出口1
付費區南大廳，近女廁",近出口1、出口2,"付費區，近出口1
付費區，近出口2"
49,63000,63000110,芝山,月臺電梯：站體中央處、站體北側,付費區、出口1、出口2,非付費區，近出口1、出口2,無,"付費區，親子無障礙廁所，近出口1
付費區，男、女廁",出口1,"非付費區，近出口1
付費區，近出口1",近出口1、出口2,"付費區，近出口1
付費區，近出口2"
50,63000,63000120,明德,月臺電梯：站體中央處,付費區、出口1、出口2、出口3,非付費區，近出口1,無,"付費區，親子無障礙廁所
付費區，男、女廁",出口1,"非付費區，近出口1
付費區，近出口1",近出口1、出口2、出口3,付費區，近出口1
51,63000,63000120,石牌,月臺電梯：站體中央處、站體南側,付費區、出口1、出口2,非付費區，近出口1、出口2,無,"付費區，親子無障礙廁所，近出口1
付費區，男、女廁",出口1,"非付費區，近出口1
付費區，近出口1",近出口1、出口2,"付費區，近出口1
付費區，近出口2"
52,63000,63000120,唭哩岸,月臺電梯：站體中央處,付費區、出口1、出口2,非付費區，近出口1、出口2,無,"付費區，親子無障礙廁所
付費區，男、女廁",出口1,"非付費區，近出口1
付費區，近出口1",近出口1、出口2,付費區，近出口1
53,63000,63000120,奇岩,月臺電梯：站體中央處,付費區、出口1、出口2、出口3,非付費區，近出口1,無,"付費區，親子無障礙廁所
付費區，男、女廁",出口右側,"非付費區，近出口1
付費區，近出口1",近出口1,付費區，近出口1
54,63000,63000120,北投,月臺電梯：一、二、三、四月臺站體中央處、站體南側,付費區、出口1,非付費區，近出口1、出口2,付費區，大廳層，近出口1,"付費區，哺集乳室，近出口1
付費區，親子無障礙廁所
付費區，男、女廁",出口1,付費區，近出口1、出口2,近出口1、出口2,"付費區，近出口1
付費區，近出口2"
55,63000,63000120,新北投,月臺電梯：大廳中央,付費區、出口1,非付費區，近出口1,無,"付費區，親子無障礙廁所
付費區，男、女廁",出口1右側,"非付費區，近出口1
付費區，近出口1",近出口1、出口2,付費區，近出口1
56,63000,63000120,復興崗,月臺電梯：一、二 月臺樓梯後方,付費區,非付費區，近出口1,無,付費區，男、女廁,出口1,非付費區，近出口1,近出口1、出口2,付費區，近出口1
57,63000,63000120,忠義,月臺電梯：一、二 月臺樓梯後方,付費區,非付費區，近出口1,無,付費區，男、女廁,出口1右側,非付費區，近出口1,近出口1、出口2,付費區，近出口1
58,63000,63000120,關渡,月臺電梯：一、二 月臺樓梯後方,付費區,非付費區，近出口1,無,付費區，男、女廁,出口1,非付費區，近出口1,近出口1、出口2,付費區，近出口1
59,65000,65000100,竹圍,月臺電梯：一、二 月臺樓梯後方,付費區,非付費區，近出口1,無,付費區，男、女廁,出口1,非付費區，近出口1,近出口1、出口2,付費區，近出口1
60,65000,65000100,紅樹林,月臺電梯：一、二 月臺樓梯後方,付費區、出口1,非付費區，近出口1,無,付費區，男、女廁,出口1,付費區，近出口1,近出口1、出口2,付費區，近出口1
61,65000,65000100,淡水,月臺電梯：電扶梯後方,付費區、出口1、出口2、出口3,非付費區，近出口1、出口2,付費區，大廳層，近出口1,"付費區，哺集乳室
非付費區，親子無障礙廁所，近出口3
男、女廁",出口1,付費區，近出口1,近出口1、出口2、出口3,"非付費區，近站後公園
非付費區，近公車站
非付費區，近出口1"
62,65000,65000130,頂埔,"1.出口電梯：
出口1 (中央路4段約100號旁)
出口3 (中央路4段51-6號)
出口4 (中央路4段62號旁)
2.月臺電梯：大廳層付費區中央處",付費區、出口1、出口2、出口3,非付費區，近出口1、出口4,付費區，B3大聽層,"付費區，哺集乳室
親子無障礙廁所
男、女廁",近詢問處,西側大廳非付費區，近出口2,近出口1、出口4,"非付費區，近出口3
付費區，大廳層"
63,65000,65000130,永寧,"1.出口電梯：出口1（中央路3段與承天路口，臨康是美）、出口2（中央路3段與承天路口停車場旁）
2.月臺電梯：大廳層西側付費區，臨近詢問處",付費區、出口1、出口2、出3、出口4,非付費區，近出口1、出口4,無,非付費區，男、女廁,近詢問處,西側大廳付費區內，東側大廳非付費區,近出口1、出口4,"非付費區、近出口3
非付費區、近出口2"
64,65000,65000130,土城,"1.出口電梯：出口1（金城路旁）
2.月臺電梯：大廳層東側付費區",付費區、出口1、出口2,非付費區，近出口1、出口2,無,非付費區，男、女廁,近詢問處,付費區，近詢問處；非付費區，近出口1、出口2,近出口1、出口2,非付費區、近出口3
65,65000,65000130,海山,"1.出口電梯：出口2（臨新北高工運動場側邊）  
 2.月臺電梯：大廳層西側付費區，月臺層中央",付費區、出口1、出口2、出口3,非付費區，近出口1、出口2,無,付費區，男、女廁,近詢問處,付費區，近詢問處；非付費區，近出站閘門口,近出口1、出口2、出口3,付費區、大廳電梯後方
66,65000,65000010,亞東醫院,"1.出口電梯：出口3（南雅南路2段）
 2.月臺電梯：大廳層西側付費區",付費區、出口1、出口2、出口3,非付費區，近出口2、出口3,無,付費區，男、女廁,出口3,"非付費區，近出口3             
付費區，近往月台扶梯",近出口1、出口2、出口3,付費區、大廳電梯後方
67,65000,65000010,府中,"1.出口電梯：出口1〈近府中路側〉
 2.月臺電梯：大廳層西側付費區，臨近詢問處",付費區、出口1、出口2,非付費區，近出口1、出口2,無,付費區，男、女廁,出口1,大廳付費區，出口2大廳層,近出口1、出口2,付費區、詢問處旁
68,65000,65000010,板橋(板南線),"1.出口電梯：出口3（臨站前路）
 2.月臺電梯：大廳層北側付費區，臨近詢問處",付費區、出口1、出口2、出口3,非付費區，近出口3,非付費區，大廳層,"非付費區，哺集乳室
非付費區，男、女廁",近詢問處,"付費區
非付費區，近出口1、出口2",近出口1、出口2、出口3,非付費區、近出口3
69,65000,65000010,新埔,"1.出口電梯：出口4（臨文化路2段)、出口5（臨民生路3段）
2.月臺電梯：大廳層東側付費區，臨近詢問處",付費區、出口1  、出口2、出口3、出口4、出口5,非付費區，近出口1及出口4,非付費區，大廳層,"非付費區，親子無障礙廁所
非付費區，男、女廁",近詢問處,非付費區通道，近詢問處及西側亞尼克販賣機,近出口2、近出口4,非付費區、近出口4、出口5
70,65000,65000010,江子翠,"1.出口電梯：出口3（臨文化路2段）
2.月臺電梯：大廳層西側付費區，臨近詢問處",付費區、出口1、出口2、出口3、出口4、出口5、出口6,非付費區，近出口3、出口5、出口6,無,"非付費區，親子無障礙廁所
非付費區，男、女廁",近詢問處,非付費區，近出口1、出口6,近出口3、出口5、出口6,非付費區、近出口1、出口2、出口3
71,63000,63000072,龍山寺,"1.出口電梯：出口1（臨西園路1段）及出口2（B1至龍山商場夾層）
 2.月臺電梯：大廳層中間付費區，臨近詢問處",付費區、出口1、出口2,非付費區，近出口1,無,"付費區，親子無障礙廁所
付費區，男、女廁",出口1,付費區，近往月臺電梯,近出口1、出口2、出口3,付費區、大廳電梯旁
72,63000,63000050,西門,"1.出口電梯：出口4（衡陽路）、出口6（中華路與成都路口）
2.月臺電梯：大廳層中間付費區，詢問處後方",付費區 、出口1、出口3、出口4、出口6、,非付費區，近出口1、出口3、出口5、出口6,非付費區，大廳層，近出口4,"非付費區，哺集乳室
付費區，親子無障礙廁所
付費區，男、女廁",出口4,非付費區，近出口2和近出口5,近出口1、出口2、出口5、出口6,付費區、大廳電梯後方
73,63000,63000050,善導寺,"1.出口電梯：出口3（忠孝東路1段58號巷口，臨忠孝東路1段南側）
2.月臺電梯：大廳層西側付費區，臨近詢問處",付費區、出口1、出口3、出口4、出口6,非付費區，近出口1、出口5,無,"非付費區，親子無障礙廁所
非付費區，男、女廁",出口1,近出口1、出口3,近出口2、出口3、出口5、出口6,非付費區，近出口1、2、3
74,63000,63000030,忠孝新生,"1.出口電梯：
板南線：出口2（臨忠孝公園）、出口3（近忠孝東路3段）
中和新蘆線：無
2.月臺電梯：
板南線：大廳層付費區
中和新蘆線：大廳層付費區","板南線：付費區、出口1、出口2、出口3、出口4
中和新蘆線：付費區、出口5","板南線：非付費區，近出口1
中和新蘆線：非付費區，近出口5、出口6、出口7","中和新蘆線：
付費區，B1大廳層","板南線：
非付費區，親子無障礙廁所
非付費區，男、女廁
中和新蘆線：
付費區，哺集乳室
付費區，親子無障礙廁所
付費區，男、女廁","板南線：出口1
中和新蘆線：出口5","板南線：非付費區，近出口4
中和新蘆線：非付費區，近出口7","板南線：近出口1、出口2、出口3、出口4
中和新蘆線：非付費區，近出口6","板南線：非付費區，近出口1、2
中和新蘆線：付費區，大廳中間"
75,63000,63000030,忠孝敦化,"1.出口電梯：出口2（忠孝東路4段203號）
2.月臺電梯：大廳層東側付費區，臨近詢問處",付費區、出口2、出口3、出口5、出口7,非付費區，近出口1、出口4、出口5、出口8,非付費區，大廳層,"非付費區，親子無障礙廁所
非付費區，男、女廁",出口3,非付費區，近東側主詢問處及西側置物櫃旁,近出口3、出口8,非付費區，近出口1、出口2、出口3、出口4
76,63000,63000020,國父紀念館,"1.出口電梯：出口3、4中間（臨忠孝東路與光復南路交叉口） 
2.月臺電梯：大廳東側付費區，臨近詢問處",付費區、出口1、出口2、出口3、出口4,非付費區，近出口2、出口4、出口5,無,"非付費區，親子無障礙廁所
非付費區，男、女廁",出口4,非付費區，近出口3、出口2,近出口1、出口5,非付費區，近出口3、出口4、出口5
77,63000,63000020,市政府,"1.出口電梯：出口2（臨基隆路/忠孝東路口）
2.月臺電梯：大廳層西側付費區，臨近詢問處",付費區、出口2、出口3、出口4,非付費區，近出口1、出口2、出口4,非付費區，大廳層，近出口2,"非付費區，哺集乳室
非付費區，親子無障礙廁所
非付費區，男、女廁",出口2,非付費區，近出口1、4,近出口1、出口2、出口4,非付費區，近出口1、出口2
78,63000,63000020,永春,"1.出口電梯：出口5（忠孝東路5段與虎林街交叉口，聯邦銀行旁）
2.月臺電梯：大廳東側付費區，臨近詢問處",付費區、出口1、出口2、出口5,非付費區，近出口,無,"非付費區，親子無障礙廁所
非付費區，男、女廁",出口5,非付費區，近出口2、出口5,近出口1、出口2、出口4,非付費區，近出口3、出口4、出口5
79,63000,63000090,後山埤,"1.出口電梯：出口3（臨忠孝東路6段，玉成街口）
2.月臺電梯：大廳層東側付費區，臨近詢問處",付費區、出口1、出口2、出口3、出口4,非付費區，近出口,無,"非付費區，親子無障礙廁所
非付費區，男、女廁",出口3,非付費區，近出口,近出口1、出口2、出口3、出口4,非付費區，近出口3、出口4
80,63000,63000090,昆陽,月臺電梯：大廳層中間,付費區,非付費區，近出口2、出口4,無,"付費區，親子無障礙廁所
付費區，男、女廁",出口3,非付費區，近出口2,近出口1、出口4,付費區，月臺電梯旁
81,63000,63000090,南港,"1.出口電梯：出口2（臨忠孝東路7段，近極限運動中心）
2.月臺電梯：大廳層東側付費區，鄰近詢問處",付費區、出口1、出口2,非付費區，近出口2,付費區，大廳層,"付費區，親子無障礙廁所
男、女廁",出口2,B1大廳層非付費區，近出口1、2,近出口1、出口2,"非付費區，近出口1
付費區，大廳電梯旁"
82,63000,63000020,象山,"1.出口電梯：
出口1（信義路5段與松勇路口）
出口2（象山公園）
2.月臺電梯：大廳層付費區",付費區、出口1、出口2、出口3,非付費區，近出口1、出口3,無,"付費區，親子無障礙廁所
付費區，男、女廁",出口2,非付費區，近出口3,近出口1、出口2、出口3,付費區，近往月臺電梯
83,63000,63000020,台北101/世貿,"1.出口電梯：
出口3（信義路5段南側）
出口5（信義路5段北側、市府路西側）
2.月臺電梯：大廳層付費區",付費區、出口1、出口2、出口3、出口4、出口5,非付費區，近出口1、出口3,非付費區，大廳層，近出口4、5,"非付費區，哺集乳室
付費區，親子無障礙廁所
男、女廁",出口4、出口5間,非付費區，近出口2,近出口1、出口2、出口3,"付費區，近往月臺電梯
非付費區，近出口4，往台北101通道"
84,63000,63000030,信義安和,"1.出口電梯：
出口2A(信義路4段與安和路2段路口)
出口5（信義路4段北側與239巷口）
2.月臺電梯：大廳層付費區",付費區、出口1、出口2、出口3、出口5,非付費區，近出口1、出口4,無,"付費區，親子無障礙廁所
男、女廁",出口5,非付費區，近出口2,近出口2、出口5,付費區，近往月臺電梯
85,63000,63000030,大安森林公園,"1.出口電梯：
出口4（信義路3段南側、東側光塔）
出口5（信義路3段南側、近建國南路2段）
出口6（信義路3段北側，仁愛路3段24巷東側）
2.月臺電梯：大廳層付費區",付費區、出口2、出口5、出口6,非付費區，近出口1，出口5,非付費區，大廳層，近出口3,"非付費區，哺集乳室
非付費區，親子無障礙廁所
非付費區，男、女廁",出口5,非付費區，近出口2,近出口1、出口2、出口5、出口6 ,"非付費區，近出口3
非付費區，近出口5"
86,63000,63000060,北門,"1.出口電梯：
出口2 （塔城街東側）
出口3 （塔城街與鄭州路口西南隅，於鄭州路上）
 2.月臺電梯：大廳層付費區東、西側",付費區、出口1、出口2、出口3,非付費區，B2大廳層,無,"非付費區，親子無障礙廁所
非付費區，男、女廁",出口1、出口2間,非付費區，北大廳,近出口1、出口2,"非付費區，近出口2
非付費區，近1號詢問處"
87,63000,63000010,台北小巨蛋,"1.出口電梯：
出口1 （臨南京東路4段53巷）
出口2 （南京東路4段近小巨蛋旁）
出口3 （南京東路4段與北寧路交叉口西南隅）
 2.月臺電梯：大廳層中央處",付費區、出口2、出口3,非付費區，近出口2、4,無,"親子無障礙廁所
男、女廁",出口2,非付費區，近出口2,近出口1、出口4,"非付費區，近出口2
付費區，近出口3、出口4"
88,63000,63000010,南京三民,"1.出口電梯：
出口1 （臨南京東路5段）
出口2 （臨南京東路5段）
 2.月臺電梯：大廳層中央處",付費區、出口1、出口2、出口3、出口4,非付費區，近出口,無,"非付費區，親子無障礙廁所
男、女廁",出口1,非付費區，近出口4,近出口1、出口4,"非付費區，近出口2、出口3
付費區，近出口1、出口4"
89,63000,63000010,松山,"1.出口電梯：
出口3（松山區行政中心左側）
出口5（八德路4段近松山國小）
2.月臺電梯：大廳層付費區中央處",付費區、橢圓大廳、出口1、出口2、出口3、出口4、出口5,近出口1、大廳中間,非付費區，大廳層，近出口3,"非付費區，哺集乳室
親子無障礙廁所
男、女廁",出口3,非付費區，近出口5,近出口1、大廳中間,"非付費區，近東側橢圓大廳
付費區，大廳層中央"
90,65000,65000050,輔大,"1.出口電梯：出口1（中正路，近輔大校門）、出口2（福營路，近建國一路口）
2.月臺電梯：大廳層付費區",付費區、出口1、出口2、出口3、出口4,非付費區，近出口2、出口3,無,"付費區，親子無障礙廁所
男、女廁",出口1,非付費區，近出口3,近出口1、出口2、出口3、出口4,"非付費區，近出口2
付費區，近往月臺電梯"
91,65000,65000050,新莊,"1.出口電梯：出口1（中正路、中華路口）、出口2（中正路、新莊國中校門旁）
2.月臺電梯：大廳層付費區",付費區、出口1、出口2,非付費區大廳、近出口1,無,"付費區，親子無障礙廁所
男、女廁",出口1,非付費區大廳,近出口1、出口2,"非付費區，近出口1
付費區，近大廳東側"
92,65000,65000050,頭前庄,"1.月臺電梯：
中和新蘆線：大廳層付費區內
環狀線：月臺層北側
2.轉乘電梯：
中和新蘆線：大廳層付費區內
環狀線：大廳層南側","中和新蘆線：付費區、出口2、出口3、出口4
環狀線：付費區","中和新蘆線：非付費區，近出口2、出口4
環狀線：近出口1","環狀線：
付費區，大廳層，近出口1","中和新蘆線：
付費區，親子無障礙廁所
男、女廁
環狀線：
付費區，哺集乳室
付費區，親子無障礙廁所
付費區，男、女廁","近地下道
近出口1","中和新蘆線：非付費區大廳中間
環狀線：非付費區及付費區2處，近出口1","中和新蘆線：近出口2、出口3
環狀線：近出口1","中和新蘆線：
付費區，近出口1
非付費區，近大廳中間
環狀線：
付費區1樓，近出口1
付費區3樓，近1月臺"
93,65000,65000020,先嗇宮,"1.出口電梯：出口1（重新路5段、近光復路口）
2.月臺電梯：大廳層付費區",付費區、出口1、出口2 、出口3,非付費區，近出口1,無,"付費區，親子無障礙廁所
男、女廁",出口2,非付費區，B1層西側大廳,近出口1,付費區，近詢問處
94,65000,65000020,三重,"1.出口電梯：出口1（捷運路、近疏洪東路口及桃園機場捷運三重站）
2.月臺電梯：大廳層付費區",付費區、出口1、出口2、出口3,非付費區，近出口1、出口3,無,"付費區，親子無障礙廁所
男、女廁",出口1,非付費區，近出口1,近出口1、出口2、出口3,"非付費區，近出口1
付費區，近往月臺電梯"
95,65000,65000020,菜寮,"1.出口電梯：出口2（重新路3段、近光明街口）
2.月臺電梯：大廳層付費區",付費區、出口1、出口2、出口3,非付費區，近出口1,無,"付費區，親子無障礙廁所
付費區，男、女廁",出口1,非付費區，近出口1,近出口1、出口2、出口3,付費區，近出口3
96,65000,65000020,台北橋,"1.出口電梯：單一出口（重新路1段、近文化南路）
2.月臺電梯：大廳層付費區",付費區、出口(單一出口),非付費區，詢問處前方,無,"付費區，親子無障礙廁所
付費區，男、女廁",近出口,非付費區，詢問處前方,近出口,"付費區，近詢問處
付費區，近大廳東側"
97,63000,63000060,大橋頭,"1.出口電梯：出口1後方（民權西路225巷口，近延平北路）
2.月臺電梯：大廳層付費區",付費區、出口1、出口1A、出口2、出口3,非付費區，近出口1、出口2,非付費區，B2大廳層，近出口3,"非付費區，哺集乳室
付費區，親子無障礙廁所
男、女廁",出口1,付費區，近出口3,近出口1、出口3,"非付費區，近出口1
付費區，近出口2、出口3"
98,63000,63000040,中山國小,"1.出口電梯：出口4（民權東路1段中山國小校門旁）
 2.月臺電梯：大廳層付費區",付費區、出口1、出口2、出口3、出口4,非付費區，近出口3、出口4,無,"付費區，親子無障礙廁所
付費區，男、女廁
非付費區，女廁",出口4,付費區，近出口1、2,近出口3、出口4,"非付費區，近出口4(僅有女廁)
付費區，近出口3、4"
99,63000,63000040,行天宮,"1.出口電梯：出口2（民生東路2段與松江路口東北隅，近松江路235巷）
2.月臺電梯：大廳層付費區",付費區、出口1、出口2、出口3、出口4,非付費區，近出口2、出口3,無,"付費區，親子無障礙廁所
付費區，男、女廁",出口3,非付費區，近出口4,近出口2、出口4,付費區，近出口1、出口4
100,63000,63000040,松江南京,"1.出口電梯： 
中和新蘆線：出口2（松江路上，近松江路108巷）、出口8 （松江路上，近松江路124巷）
松山新店線：出口1（臨南京東路）
2.月臺電梯：
中和新蘆線：大廳層南、北側付費區各1臺","中和新蘆線：付費區、出口2、出口3、出口4、出口7、出口8
松山新店線：付費區、出口1","中和新蘆線：非付費區，近出口2、出口4、出口7、出口8
松山新店線：非付費區，近中間大廳","松山新店線：
非付費區，B1大廳層，近出口6、7","中和新蘆線：
付費區，親子無障礙廁所
男、女廁
松山新店線：
非付費區，哺集乳室
非付費區，親子無障礙廁所
非付費區，男、女廁，近出口1、6","中和新蘆線：出口2
松山新店線：出口4、5、6、7間","中和新蘆線：非付費區，近出口2
松山新店線：非付費區，近出口1","中和新蘆線：近出口2、出口4、出口7、出口8
松山新店線：近出口1、大廳中間","中和新蘆線：
非付費區，近出口2
非付費區，近出口5、出口6
付費區，近出口8
松山新店線：
非付費區，近出口1"
101,63000,63000030,東門,"1.出口電梯：出口8（信義路2段，東門郵局旁）
2.月臺電梯：大廳層付費區",付費區、出口1、出口3、出口5、出口7,非付費區，近出口1、出口2、出口4、出口5,非付費區，大廳層，近出口6、7、8,"非付費區，哺集乳室
付費區，親子無障礙廁所
男、女廁",出口1、3間,非付費區，近出口1、出口2,近出口1、出口2、出口3、出口4、出口5、出口6、出口7、出口8,"非付費區，近出口6
付費區，近往月臺電梯"
102,65000,65000140,蘆洲,"1.出口電梯：出口2（捷運廣場）
 2.月臺電梯：大廳層付費區",付費區、出口1、出口2、出口3,非付費區，近出口2,付費區，大廳層,"付費區，哺集乳室
付費區，親子無障礙廁所
男、女廁",近出口電梯,非付費區，近出口2，B1層大廳往2號電梯通道,近出口1、出口2,"非付費區，近出口1
付費區，近往月臺電梯"
103,65000,65000140,三民高中,"1.出口電梯：出口1（三民路與復興路口西南隅）
2.月臺電梯：大廳層付費區",付費區、出口1、出口2 ,非付費區，近出口2,無,"付費區，親子無障礙廁所
付費區，男、女廁",出口1,非付費區，B4層往出口二通道上,近出口1、出口2,付費區，近出口2
104,65000,65000140,徐匯中學,"1.出口電梯：出口2（三和路4段與永安北路口）
 2.月臺電梯：大廳層西側付費區",付費區、出口1、出口2,非付費區，近出口1、出口2,無,"非付費區，親子無障礙廁所
非付費區，男、女廁",近詢問處,非付費區東大廳，近出口2,近出口1、出口2,非付費區，近出口1
105,65000,65000020,三和國中,"1.出口電梯：出口1（三和路4段三和國中校門旁）
 2.月臺電梯：大廳層付費區",付費區、出口1、出口2,非付費區，近出口1、出口2,無,"付費區，親子無障礙廁所
付費區，男、女廁",出口2,'非付費區，近出口2,近出口1、出口2,付費區，近往月臺電梯
106,65000,65000020,三重國小,"1.出口電梯：三和路3段與仁愛街口
2.月臺電梯：大廳層付費區",付費區、出口(單一出口),非付費區，近出口,無,"非付費區，親子無障礙廁所
非付費區，男、女廁",近出口,非付費區，近出口,近出口,非付費區，近出口
107,65000,65000050,迴龍,"1.出口電梯：出口1（中正路北側，往迴龍方向）
2.月臺電梯：大廳層付費區",付費區、出口1、出口2、出口3,非付費區，近出口1、出口3,付費區，大廳層,"付費區，哺集乳室
付費區，親子無障礙廁所
付費區，男、女廁",出口1,非付費區西大廳,近出口1、出口3,付費區，近往月臺電梯
108,65000,65000050,丹鳳,"1.出口電梯：出口2（中正路與民安路口）
2.月臺電梯：大廳層付費區",付費區、出口1、出口2,非付費區，近出口1,無,"付費區，親子無障礙廁所
付費區，男、女廁",出口2,非付費區，近出口2,近出口1、出口2,付費區，近大廳東側
109,65000,65000060,十四張,"1.出口電梯：單一出口
2.月臺電梯：近詢問處",付費區、出口1、聯開出口,非付費區大廳，近詢問處,無,"非付費區，親子無障礙廁所
非付費區，男、女廁",非付費區，近出口,付費區，近一月台電扶梯、非付費區大廳，近詢問處,近出口,非付費區，近出口
110,65000,65000030,秀朗橋,"1.出口電梯：出口2
2.月臺電梯：月臺層中央",出口1、付費區、月台,非付費區，近詢問處,付費區，4F月台層,"付費區，哺集乳室
付費區，親子無障礙廁所
付費區，男、女廁",非付費區，近出口2,近詢問處,近出口1,付費區，近大廳電梯
111,65000,65000030,景平,"1.出口電梯：單一出口
2.月臺電梯：月臺層中央",付費區、非付費區、出口處,非付費區，詢問處旁,無,"非付費區，親子無障礙廁所
非付費區，男、女廁",非付費區，近出口，4樓大廳層,非付費區，大廳層,近出口,"非付費區，近出口，4樓大廳層
"
112,65000,65000030,中和,"1.出口電梯：單一出口
2.月臺電梯：近詢問處",付費區,非付費區，近出口,無,"付費區，親子無障礙廁所
付費區，男、女廁",非付費區，近出口,付費區，近閘門,近出口,付費區，近3F電梯
113,65000,65000030,橋和,"1.出口電梯：單一出口
2.月臺電梯：近詢問處",付費區、出口,非付費區，近出口,無,"非付費區，親子無障礙廁所
非付費區，男、女廁",非付費區，近出口,非付費區，近出口電梯,近出口,非付費區，近出口
114,65000,65000030,中原,"1.出口電梯：單一出口
2.月臺電梯：月臺層北側",付費區、出口,非付費區，近出口,無,"非付費區，親子無障礙廁所
非付費區，男、女廁",非付費區，近出口，3樓大廳層,非付費區及付費區2處，3F近詢問處,近出口,非付費區，近出口，3樓大廳層
115,65000,65000010,板新,"1.出口電梯：單一出口
2.月臺電梯：月臺層北側",付費區、出口,非付費區，近出口,無,"非付費區，親子無障礙廁所
非付費區，男、女廁",非付費區，近出口，3樓大廳層,非付費區，3F近詢問處,近出口,非付費區，近出口，3樓大廳層
116,65000,65000010,板橋(環狀線),"1.出口電梯：
出口4（新站路與縣民大道二段路口）
出口5（新站路與站前路口）
2.月臺電梯：月臺層南側",付費區、出口4、出口5,非付費區，近出口,非付費區，3F大廳層，近出口5,"非付費區，哺集乳室
非付費區，親子無障礙廁所
非付費區，男、女廁",非付費區，出口5,非付費區，3F近出口5,近出口,非付費區，近出口5
117,65000,65000010,新埔民生,"1.出口電梯：單一出口
2.月臺電梯：月臺層北側",付費區、出口,非付費區，近出口,非付費區，3F大廳層,"非付費區，哺集乳室
付費區，親子無障礙廁所
付費區，男、女廁",非付費區，近出口，3樓大廳層,非付費區，3F近詢問處,近出口,付費區，近出口，3樓大廳層
118,65000,65000050,幸福,"1.出口電梯：出口1
2.月臺電梯：一、二月臺的月臺中央各1臺",付費區、出口1、出口2,非付費區，近出口,無,"非付費區，親子無障礙廁所
非付費區，男、女廁",非付費區，近出口1，3樓大廳層,非付費區及付費區2處，3F近詢問處,近出口,非付費區，近出口1，3樓大廳層
119,65000,65000050,新北產業園區,"1.出口電梯：單一出口
2.月臺電梯：一、二月臺的月臺中央各1臺",付費區、出口,非付費區，近出口,付費區，5F大廳層,"付費區，哺集乳室
非付費區，親子無障礙廁所
付費區，男、女廁(開放時間07:00-09:00、17:00-19:00)
非付費區，男、女廁",非付費區，近出口，5樓大廳層,非付費區，5F近詢問處,近出口,"非付費區，近出口，5樓大廳層
付費區，大廳層電扶梯旁"
